case_id,criterion,pull,argument
C-1,requirements,predictive,"Формат пакета описаний наказом регулятора, за півроку нових вимог не з'являлось"
C-1,technology,adaptive,"API реєстру в тестовому контурі, документація неповна, поведінка методів раптово змінюється"
C-1,release_cost,predictive,"Помилка у звіті означає припис від регулятора, дата подання жорстко фіксована"
C-1,customer,predictive,"Відповідає за 3-5 днів, на щотижневі демо не приходить, приймає за актами етапів"
C-1,contract,predictive,"Fixed price за тендером, зміна обсягу вимагає додаткової угоди і двох тижнів погоджень"
C-1,team,predictive,"Троє розробників з підрядника в іншому місті працюють у своєму графіку"
C-2,requirements,adaptive,"Вимоги живуть гіпотезами, після інтерв'ю беклог переписується, річного плану немає"
C-2,technology,predictive,"Стек звичний команді, розгортання автоматичне, відкат займає 10 хвилин"
C-2,release_cost,predictive,"Помилка у розрахунках списує не ті суми з клієнтів, банк може переглянути умови еквайрингу"
C-2,customer,adaptive,"Замовник в одній кімнаті, дивиться демо щоп'ятниці, відповідає в чаті за півгодини"
C-2,contract,adaptive,"Договору немає, є бюджет на дев'ять місяців, обсяг робіт не зафіксований"
C-2,team,adaptive,"П'ятеро в одній кімнаті, вузьких спеціалізацій немає, тестують самі"
C-3,requirements,adaptive,"Процес працює не за інструкцією, на демо постійно з'ясовуються нові винятки"
C-3,technology,adaptive,"Дані треба перенести з 20-річної системи без документації, якість даних невідома"
C-3,release_cost,predictive,"Щомісячне нарахування йде в бухгалтерію і оплату, помилка виявляється після платежів"
C-3,customer,adaptive,"Замовниця доступна раз на тиждень, приводить людей на демо і дає зворотний зв'язок"
C-3,contract,predictive,"Fixed price, бюджет на рік не переглядається, зміна обсягу оформлюється протоколом"
C-3,team,adaptive,"Четверо в одному офісі, працюють разом 2 роки, спокійно беруть суміжні задачі"
