story_id,epic,title,as_a,i_want,so_that,acceptance_criteria,priority_method,priority_score,priority_inputs,rank,release,success_criterion
S-01,Доступ,Підтвердження що ти студент академії,студент,підтвердити в боті що я студент академії через корпоративний контакт,отримати доступ до замовлення довідок і запису в чергу без особистого візиту в деканат,після натискання /start і передачі корпоративного контакту бот за 5 секунд відкриває головне меню; якщо номера немає в базі студентів то бот виводить відмову в доступі і не відкриває меню замовлень,wsjf,8.0,business_value=8;time_criticality=5;risk_reduction=3;job_size=2,1,REL-1,SC-04
S-02,Доступ,Профіль студента,студент,один раз вказати свій факультет і курс та навчальну групу в профілі,отримувати лише ті оголошення деканату які стосуються мого курсу і групи,профіль зберігає обрані зі списку факультет і курс від 1 до 6 та шифр групи; при спробі зберегти порожнє поле групи бот повертає помилку валідації і не перезаписує профіль,wsjf,5.5,business_value=5;time_criticality=3;risk_reduction=3;job_size=2,7,REL-1,SC-01
S-03,Довідки,Замовлення довідки з переліку,студент,замовити потрібну довідку вибором готової кнопки з переліку,не писати заяву вручну і не отримати відмову через помилку у формулюванні назви довідки,у меню доступні кнопки вибору щонайменше 3 типових довідок і після підтвердження бот видає унікальний номер заявки менш ніж за 60 секунд; при спробі подати другу однакову заявку поки попередня має статус в роботі бот блокує дубль і показує номер активної заявки,wsjf,7.5,business_value=8;time_criticality=5;risk_reduction=2;job_size=2,3,REL-1,SC-02
S-04,Довідки,Перегляд стану активних і попередніх замовлень у діалозі бота,студент,відкрити в діалозі бота список своїх поточних і закритих заявок із актуальними статусами,не писати і не телефонувати в деканат щоб дізнатися на якому етапі моя довідка,за натисканням кнопки Мої замовлення бот за 3 секунди виводить список заявок зі статусами Прийнято або В роботі або Готово і датою оновлення; якщо у студента ще немає жодної поданої заявки то бот виводить повідомлення про порожню історію і кнопку переходу до замовлення,wsjf,6.5,business_value=8;time_criticality=3;risk_reduction=2;job_size=2,5,REL-1,SC-02
S-05,Довідки,Повідомлення про готовність довідки,студент,отримати автоматичне сповіщення в месенджер у момент коли довідку можна забрати,не ходити в деканат навмання і не стояти під дверима для уточнення готовності,при переведенні заявки в статус Готово бот надсилає студенту повідомлення протягом 60 секунд із номером кабінету і годинами видачі; якщо студент заблокував бота то система фіксує помилку доставки в журналі заявки без падіння черги розсилки,wsjf,6.0,business_value=3;time_criticality=2;risk_reduction=1;job_size=1,6,REL-1,SC-01
S-06,Черга,Запис на консультацію у вільний слот,студент,записатися до працівника деканату на вільний 15-хвилинний слот у приймальні години,прийти на конкретний час і не стояти в живій черзі в коридорі,бот показує лише вільні 15-хвилинні слоти на найближчі 10 робочих днів і бронює обраний час за 1 студентом; якщо два студенти одночасно натискають на один слот то другий отримує повідомлення що слот уже зайнятий і пропозицію обрати інший час,wsjf,5.0,business_value=8;time_criticality=5;risk_reduction=2;job_size=3,8,REL-1,SC-03
S-07,Черга,Скасування або перенесення запису,студент,самостійно скасувати або перенести свій запис на консультацію в боті,звільнити часовий слот для інших студентів якщо мої плани змінились,після натискання кнопки Скасувати слот миттєво повертається у список вільних для запису інших студентів; скасування або перенесення блокується якщо до початку візиту залишилось менше 30 хвилин,wsjf,4.5,business_value=5;time_criticality=2;risk_reduction=2;job_size=2,9,REL-1,SC-03
S-08,Довідки,Повторне замовлення тієї самої довідки,студент,замовити довідку яку вже брав раніше одним натисканням із архіву,не проходити вибір параметрів довідки вдруге при повторному зверненні,,wsjf,1.5,,13,,
S-09,Інтеграції,Перевірка статусу студента в системі деканату,працівник деканату,автоматично бачити підтвердження з бази деканату що заявку подав дійсний студент,не витрачати час на ручну звірку списків і не обробляти заявки від сторонніх чи відрахованих осіб,при створенні заявки бот автоматично опитує внутрішній API бази деканату і проставляє мітку верифікації; якщо студент має статус відрахованого або API недоступний довше 10 секунд то заявка блокується з записом причини в лог,wsjf,9.0,business_value=8;time_criticality=5;risk_reduction=5;job_size=2,2,REL-1,SC-04
S-10,Інтеграції,Вивантаження заявок у таблицю,працівник деканату,вивантажити реєстр заявок за тиждень у файл таблиці CSV або Excel,вести архівну звітність деканату у звичному табличному форматі і рахувати тижневе навантаження,,wsjf,2.5,,11,,
S-11,Адміністрування,Оголошення на обрані групи,працівник деканату,надіслати цільове оголошення обраним курсам або навчальним групам прямо через бота,доносити офіційну інформацію до студентів напряму без пересилання через старост і сторонні чати,працівник деканату обирає одну або кілька груп і текст оголошення доставляється всім підписаним студентам цих груп за 2 хвилини; якщо в обраній групі немає жодного зареєстрованого в боті студента система попереджає про 0 отримувачів до відправлення,wsjf,4.0,business_value=5;time_criticality=2;risk_reduction=1;job_size=2,10,REL-1,SC-01
S-12,Адміністрування,Редагування переліку довідок,працівник деканату,змінювати назви і перелік доступних у боті довідок самостійно через меню адміністратора,не звертатися до розробника щоразу коли в академії з'являється нова форма довідки,,wsjf,1.2,,14,,
S-13,Адміністрування,Звіт за тиждень,працівник деканату,бачити автоматичне зведення скільки заявок надійшло за тиждень і які типи довідок найчастіші,планувати графік роботи інспекторів і скорочувати найчастіші типові звернення,,wsjf,1.0,,15,,
S-14,Довідки,Інформування про нормативний строк і перелік документів перед замовленням,студент,бачити точний строк виготовлення довідки у 3 робочі дні та список потрібних документів до натискання кнопки підтвердження,розуміти реальну дату готовності і не приходити в деканат раніше строку або без паспорта,екран обраної довідки містить розраховану дату готовності через 3 робочі дні і перелік документів для отримання; без натискання кнопки ознайомлення з нормативним строком кнопка відправлення заявки неактивна,wsjf,7.0,business_value=3;time_criticality=2;risk_reduction=2;job_size=1,4,REL-1,SC-01
S-15,Адміністрування,Журнал аудиту доступів до персональних даних і автоочищення кешу,працівник деканату,мати автоматичне очищення кешованих персональних даних закритих заявок через 30 днів і лог звернень до бази,проходити перевірки юридичного відділу без ручного видалення старих записів із сервера,,wsjf,2.0,,12,,
